Feedback,Support,Satisfaction,UserID,DocumentName,DateTime
,Yes,3,baqia,paper0.txt,2024-02-19T13:17:46.117Z
,Yes,3,baqia,paper1.txt,2024-02-19T13:17:54.100Z
,No,3,baqia,paper2.txt,2024-02-19T13:18:00.151Z
,Yes,3,baqia,paper3.txt,2024-02-19T13:18:17.550Z
,Yes,3,baqia,paper4.txt,2024-02-19T13:18:28.451Z
,Yes,2,baqia,paper0.txt,2024-02-27T04:41:29.486Z
,Yes,3,baqia,paper1.txt,2024-02-27T04:41:38.803Z
,Yes,3,baqia,paper2.txt,2024-02-27T04:41:42.420Z
,Yes,3,baqia,paper3.txt,2024-02-27T04:41:45.720Z
,Yes,3,baqia,paper4.txt,2024-02-27T04:41:48.869Z
,Yes,3,baqia,paper5.txt,2024-02-27T04:41:51.703Z
,Yes,1,baqia,paper6.txt,2024-02-27T04:41:57.070Z
,Yes,2,baqia,paper0.txt,2024-02-27T04:41:59.787Z
,Yes,3,baqia,paper1.txt,2024-02-27T04:42:03.069Z
,Yes,3,baqia,paper2.txt,2024-02-27T04:42:06.386Z
,Yes,3,baqia,paper3.txt,2024-02-27T04:42:08.970Z
,Yes,3,baqia,paper4.txt,2024-02-27T04:42:11.986Z
,Yes,3,baqia,paper5.txt,2024-02-27T04:42:15.769Z
,Yes,1,baqia,paper6.txt,2024-02-27T04:42:18.877Z
,Yes,1,baqia,paper0.txt,2024-02-27T04:42:22.566Z
,Yes,1,baqia,paper1.txt,2024-02-27T04:42:24.887Z
,Yes,1,baqia,paper2.txt,2024-02-27T04:42:27.320Z
,Yes,1,baqia,paper3.txt,2024-02-27T04:42:29.922Z
,Yes,1,baqia,paper4.txt,2024-02-27T04:42:32.224Z
,Yes,1,baqia,paper5.txt,2024-02-27T04:42:34.372Z
,Yes,1,baqia,paper6.txt,2024-02-27T04:42:42.269Z
,Yes,1,baqia,paper0.txt,2024-02-27T04:42:45.686Z
,Yes,1,baqia,paper1.txt,2024-02-27T04:42:50.952Z
,No,1,baqia,paper2.txt,2024-02-27T04:43:05.036Z
,No,2,baqia,paper3.txt,2024-02-27T04:43:08.319Z
,Yes,2,baqia,paper4.txt,2024-02-27T04:43:11.836Z
,Yes,2,baqia,paper5.txt,2024-02-27T04:43:16.502Z
