{"TWO Indonesian women taken hostage by an Islamic militant group in Iraq were released unharmed and handed over to the United Arab Emirates ( UAE ) embassy today .": {"Iraq": [0.08262, -0.95061, -1.21464, 2.08263], "United Arab Emirates": [-0.04783, -0.02524, -0.0354, 0.10846], "Arab world": [-0.08096, -0.08413, -0.11721, 0.2823]}, "LONDON : Britain wants the UN Security Council to set clear benchmarks for assessing Sudan s efforts to end the humanitarian crisis in its war-torn Darfur region , Foreign Secretary Jack Straw said .": {"United Nations": [-0.67168, -0.35909, -0.79814, 1.82891], "United Nations Security Council": [-0.20053, -0.14867, -0.14251, 0.49171], "Sudan": [-0.00463, -0.00452, -0.00428, 0.01343], "Darfur": [-0.32573, -0.38204, -0.52161, 1.22937], "Foreign Secretary": [-0.02525, -0.03185, -0.04729, 0.10439], "Jack Straw": [-0.0208, -0.02831, -0.03706, 0.08616]}, "WASHINGTON ( Reuters ) - The U.S. Navy will soon announce whether Lockheed Martin Corp. LMT.N or Raytheon Co. RTN.N will build a $ 6.4 billion communications system to beef up satellite services for U.S. troops , the White House and State Department , a spokesman said on Tuesday .": {"Reuters": [1.12733, -0.80006, -0.7739, 0.44663], "United States": [0.52651, 0.12099, -0.85901, 0.2115], "United States Navy": [0.09866, -0.02824, -0.00312, -0.0673], "United States Armed Forces": [0.1058, -0.31945, -0.46977, 0.68342], "United States dollar": [1.62743, 0.04668, -0.97042, -0.70368], "Lockheed Martin": [0.09866, -0.02824, -0.00312, -0.0673], "Raytheon Technologies": [0.14297, -0.05197, -0.01265, -0.07836], "Satellite": [-0.10136, 0.70365, -0.2704, -0.33188], "White House": [-0.15278, 0.0606, 0.64276, -0.55059], "United States Department of State": [-0.02544, -0.13549, -0.49756, 0.65849]}, "A UN committee asks the UK to review its policy of detaining terrorism suspects without trial .": {"United Nations": [-0.67168, -0.35909, -0.79814, 1.82891], "United Kingdom": [0.94823, 0.33364, -0.92249, -0.35938], "Terrorism": [-0.48158, 0.14872, -0.79118, 1.12403]}, "NEW YORK , Aug. 26 -- Wall Street passed a significant milestone on Thursday , as two investment banks agreed to pay a combined $ 100 million to settle charges that they published overly bullish research reports on questionable companies to win their investment banking business .": {"Wall Street": [1.2675, -0.57081, -0.28036, -0.41634], "Investment banking": [0.74704, -0.19706, -0.23309, -0.31689], "Bank": [1.12188, -0.38161, -0.83418, 0.09391]}, "AFP - British mobile telephone giant Vodafone reported a two percent fall in half-year underlying profits as the group added 7.4 million new customers .": {"Mobile phone": [0.23737, 1.37769, -0.95481, -0.66025], "Vodafone": [0.60199, 0.21281, -0.43564, -0.37916]}, "Are these guys ever going to have a game that doesn t come down to the last possession ? It seems that , if nothing else , the Celtics give you 48 minutes worth .": {"Game": [-0.16956, 0.29619, 0.24719, -0.37382], "Ownership": [0.0186, -0.13727, 0.20805, -0.08938], "Boston Celtics": [-0.25954, -0.28173, 0.82981, -0.28854]}, "Bernie Ecclestone will return to court on Monday for the start of the High Court case involving Formula One Holdings ( FOH ) and Speed Investments .": {"Bernie Ecclestone": [-0.09112, -0.12822, 0.37363, -0.15429], "Formula One Group": [-0.09112, -0.12822, 0.37363, -0.15429]}, "NAJAF , Iraq ( Reuters ) - Heavy fighting broke out between U.S. troops and Shi'ite militiamen in the Iraqi city of Najaf , where Iraq 's interim defense minister said he expected a `` decisive battle '' to take place on Wednesday .": {"Najaf": [-0.05576, -0.06808, -0.08634, 0.21018], "Iraq": [0.08262, -0.95061, -1.21464, 2.08263], "Reuters": [1.12733, -0.80006, -0.7739, 0.44663]}, "Reuters - India 's two state-run telephone companies will start high-speed Internet services from Jan. 15 at about a sixth of the prevailing prices , a government statement said on Friday .": {"Reuters": [1.12733, -0.80006, -0.7739, 0.44663], "India": [-0.16262, -0.79437, 0.32513, 0.63186], "Telephone": [1.03258, 0.07246, -0.50232, -0.60272], "Internet access": [-0.18976, 0.6741, -0.36815, -0.11619], "Internet service provider": [0.38658, 0.71543, -0.51947, -0.58254]}, "BRUSSELS -- The European Commission has cleared Hewlett-Packard Co. ( HP ) to buy U.K . IT services provider Synstar PLC , the Commission announced on Friday .": {"European Commission": [0.17999, -0.39797, -0.70163, 0.9196], "European Union": [0.07929, 0.08617, -1.10336, 0.9379], "United Kingdom": [0.94823, 0.33364, -0.92249, -0.35938], "Information technology": [0.55639, 0.89622, -0.70797, -0.74463]}, "Pedro Martinez pulls Boston within 2 1/2 games of the New York Yankees in the AL East after shutting out Texas 2-0 Friday night .": {"Pedro Mart\u00ednez": [-0.16005, -0.14598, 0.45935, -0.15332], "Boston": [0.98364, -0.77046, 0.51694, -0.73012], "New York Yankees": [-0.35138, -0.36543, 0.87826, -0.16145], "American League East": [-0.08655, -0.01961, 0.14894, -0.04278], "Texas": [0.49422, -0.68406, 0.38271, -0.19287]}, "A German man , whose jaw was removed because of cancer , has been able to eat his first solid meal in nine years thanks to a replacement jawbone which was incubated in a muscle on his back .": {"German language": [0.39823, -0.72487, -0.53776, 0.8644], "Human": [-0.04069, 0.0264, -0.20477, 0.21905], "Mandible": [-0.12783, -0.10454, -0.07303, 0.3054], "Cancer": [0.09577, 0.52621, -0.60353, -0.01845], "Egg incubation": [-0.07547, -0.0648, -0.03919, 0.17946], "Muscle": [-0.12783, -0.10454, -0.07303, 0.3054]}, "From the beginning , Eagle County , Colo. , district attorney Mark Hurlbert insisted that the sexual-assault charge he filed against Kobe Bryant had nothing to do with the celebrity of the Los Angeles Lakers star .": {"District attorney": [-0.03708, -0.04719, 0.14641, -0.06214], "Kobe Bryant": [-0.27457, -0.38049, 0.90633, -0.25127], "Los Angeles Lakers": [-0.14522, -0.20361, 0.62877, -0.27994]}, "The King of Sweden was not there and the circumstances were a bit short of pompous , but 15 intrepid scientists attained a modicum of fame last week as this year s winners of coveted Ig Nobel Prizes .": {"Carl XVI Gustaf": [-0.0599, -0.11273, 0.25996, -0.08733], "Sweden": [-0.18442, 0.19066, 0.37201, -0.37824], "Ig Nobel Prize": [-0.0599, -0.11273, 0.25996, -0.08733], "Nobel Prize": [-0.0599, -0.11273, 0.25996, -0.08733]}, "The Welsh FA are expected to name John Toshack as the new manager of their national team today , after holding interviews with all the main candidates yesterday .": {"Welsh people": [-0.04982, -0.06355, 0.18872, -0.07536], "Football Association of Wales": [-0.0979, -0.12425, 0.36927, -0.14713], "The Football Association": [-0.1477, -0.26605, 0.70021, -0.28647], "John Toshack": [-0.04982, -0.06355, 0.18872, -0.07536]}, "Consumers are much more interested in what their phone does for them than bits and bytes , research suggests .": {"Telephone": [1.03258, 0.07246, -0.50232, -0.60272], "Bit": [-0.21403, 0.45642, -0.1433, -0.09909], "Byte": [-0.24173, 0.56378, -0.17723, -0.14483]}, "D.C. United inks defender Bryan Namoff to a multiyear contract extension on Monday afternoon .": {"Bryan Namoff": [-0.13621, -0.09915, 0.34801, -0.11264]}, "December 15 , 2004 -- Pedro Martinez confirmed Tuesday during an interview in his home in the Dominican Republic that he has agreed to join the New York Mets .": {"Dominican Republic": [-0.0775, -0.1574, 0.3741, -0.13919], "New York Mets": [-0.46501, -0.02077, 1.00751, -0.52174]}, "A suspected leader of a cell accused in deadly suicide attacks in Turkey boasted Monday that he was an quot ; al-Qaida warrior quot ; and warned in court of future attacks if Turkey continued to support the United States .": {"Suicide": [-0.09913, -0.14579, -0.10227, 0.34719], "Turkey": [-0.18841, -0.18714, -0.11284, 0.4884], "United States": [0.52651, 0.12099, -0.85901, 0.2115]}}