Feedback,Support,Satisfaction,UserID,DocumentName,DateTime
,Yes,3,baqia,paper0.txt,2024-02-19T13:17:46.117Z
,Yes,3,baqia,paper1.txt,2024-02-19T13:17:54.100Z
,No,3,baqia,paper2.txt,2024-02-19T13:18:00.151Z
,Yes,3,baqia,paper3.txt,2024-02-19T13:18:17.550Z
,Yes,3,baqia,paper4.txt,2024-02-19T13:18:28.451Z
,Yes,2,baqia,paper0.txt,2024-02-27T04:41:29.486Z
,Yes,3,baqia,paper1.txt,2024-02-27T04:41:38.803Z
,Yes,3,baqia,paper2.txt,2024-02-27T04:41:42.420Z
,Yes,3,baqia,paper3.txt,2024-02-27T04:41:45.720Z
,Yes,3,baqia,paper4.txt,2024-02-27T04:41:48.869Z
,Yes,3,baqia,paper5.txt,2024-02-27T04:41:51.703Z
,Yes,1,baqia,paper6.txt,2024-02-27T04:41:57.070Z
,Yes,2,baqia,paper0.txt,2024-02-27T04:41:59.787Z
,Yes,3,baqia,paper1.txt,2024-02-27T04:42:03.069Z
,Yes,3,baqia,paper2.txt,2024-02-27T04:42:06.386Z
,Yes,3,baqia,paper3.txt,2024-02-27T04:42:08.970Z
,Yes,3,baqia,paper4.txt,2024-02-27T04:42:11.986Z
,Yes,3,baqia,paper5.txt,2024-02-27T04:42:15.769Z
,Yes,1,baqia,paper6.txt,2024-02-27T04:42:18.877Z
,Yes,1,baqia,paper0.txt,2024-02-27T04:42:22.566Z
,Yes,1,baqia,paper1.txt,2024-02-27T04:42:24.887Z
,Yes,1,baqia,paper2.txt,2024-02-27T04:42:27.320Z
,Yes,1,baqia,paper3.txt,2024-02-27T04:42:29.922Z
,Yes,1,baqia,paper4.txt,2024-02-27T04:42:32.224Z
,Yes,1,baqia,paper5.txt,2024-02-27T04:42:34.372Z
,Yes,1,baqia,paper6.txt,2024-02-27T04:42:42.269Z
,Yes,1,baqia,paper0.txt,2024-02-27T04:42:45.686Z
,Yes,1,baqia,paper1.txt,2024-02-27T04:42:50.952Z
,No,1,baqia,paper2.txt,2024-02-27T04:43:05.036Z
,No,2,baqia,paper3.txt,2024-02-27T04:43:08.319Z
,Yes,2,baqia,paper4.txt,2024-02-27T04:43:11.836Z
,Yes,2,baqia,paper5.txt,2024-02-27T04:43:16.502Z
,Yes,3,baqia,paper0.txt,2024-02-27T05:44:34.326Z
,Yes,3,baqia,paper1.txt,2024-02-27T05:44:38.674Z
,Yes,3,baqia,paper2.txt,2024-02-27T05:44:42.690Z
,Yes,3,baqia,paper3.txt,2024-02-27T05:44:45.858Z
,Yes,3,baqia,paper4.txt,2024-02-27T05:44:49.291Z
,Yes,1,baqia,paper5.txt,2024-02-27T05:44:52.603Z
,Yes,1,baqia,paper0.txt,2024-02-27T06:00:40.418Z
,Yes,1,baqia,paper1.txt,2024-02-27T06:00:43.398Z
,Yes,1,baqia,paper2.txt,2024-02-27T06:00:46.001Z
,Yes,1,baqia,paper3.txt,2024-02-27T06:00:52.308Z
,Yes,1,baqia,paper4.txt,2024-02-27T06:00:55.353Z
,Yes,1,baqia,paper5.txt,2024-02-27T06:00:58.391Z
,Yes,1,baqia,paper0.txt,2024-02-27T08:57:30.892Z
,Yes,1,baqia,paper1.txt,2024-02-27T08:57:44.112Z
,Yes,1,baqia,paper2.txt,2024-02-27T08:57:52.113Z
,Yes,1,baqia,paper3.txt,2024-02-27T08:58:35.635Z
,Yes,1,baqia,paper4.txt,2024-02-27T08:58:42.597Z
,Yes,1,baqia,paper5.txt,2024-02-27T08:58:51.759Z
,Yes,1,baqia,paper0.txt,2024-02-27T09:04:37.384Z
,Yes,1,baqia,paper1.txt,2024-02-27T09:04:39.725Z
,Yes,1,baqia,paper2.txt,2024-02-27T09:04:41.819Z
,Yes,1,baqia,paper3.txt,2024-02-27T09:04:44.161Z
,Yes,1,baqia,paper4.txt,2024-02-27T09:04:47.556Z
,Yes,1,baqia,paper5.txt,2024-02-27T09:04:49.930Z
,Yes,1,baqia,paper6.txt,2024-02-27T09:04:52.148Z
,Yes,1,baqia,paper7.txt,2024-02-27T09:04:54.111Z
,Yes,1,baqia,paper8.txt,2024-02-27T09:06:01.418Z
,Yes,1,baqia,paper9.txt,2024-02-27T09:06:03.983Z
,Yes,1,baqia,paper10.txt,2024-02-27T09:06:06.298Z
,Yes,1,baqia,paper11.txt,2024-02-27T09:06:08.782Z
,Yes,1,baqia,paper12.txt,2024-02-27T09:06:11.272Z
,Yes,1,baqia,paper13.txt,2024-02-27T09:06:13.630Z
,Yes,1,baqia,paper14.txt,2024-02-27T09:06:15.842Z
,Yes,1,baqia,paper15.txt,2024-02-27T09:06:17.935Z
,Yes,1,baqia,paper16.txt,2024-02-27T09:06:19.979Z
,Yes,1,baqia,paper17.txt,2024-02-27T09:06:22.121Z
,Yes,1,baqia,paper18.txt,2024-02-27T09:06:24.309Z
,Yes,1,baqia,paper19.txt,2024-02-27T09:06:26.620Z
,Yes,1,baqia,paper19.txt,2024-02-27T09:07:26.845Z
,Yes,1,baqia,paper0.txt,2024-02-27T09:10:36.113Z
,Yes,1,baqia,paper1.txt,2024-02-27T09:10:42.309Z
,Yes,1,baqia,paper2.txt,2024-02-27T09:10:45.181Z
,Yes,1,baqia,paper3.txt,2024-02-27T09:10:47.272Z
,Yes,1,baqia,paper4.txt,2024-02-27T09:10:59.136Z
,Yes,1,baqia,paper5.txt,2024-02-27T09:11:01.106Z
,Yes,1,baqia,paper6.txt,2024-02-27T09:11:03.245Z
,Yes,1,baqia,paper7.txt,2024-02-27T09:11:05.949Z
,Yes,1,baqia,paper0.txt,2024-02-27T09:13:09.026Z
,Yes,1,baqia,paper1.txt,2024-02-27T09:13:11.645Z
,Yes,1,baqia,paper2.txt,2024-02-27T09:13:13.271Z
,Yes,1,baqia,paper3.txt,2024-02-27T09:13:15.006Z
,Yes,1,baqia,paper4.txt,2024-02-27T09:13:16.887Z
,Yes,1,baqia,paper5.txt,2024-02-27T09:13:19.325Z
,Yes,1,baqia,paper6.txt,2024-02-27T09:13:21.070Z
,Yes,1,baqia,paper7.txt,2024-02-27T09:13:24.281Z
,Yes,1,baqia,paper8.txt,2024-02-27T09:13:26.152Z
,Yes,1,baqia,paper9.txt,2024-02-27T09:13:28.049Z
,Yes,1,baqia,paper0.txt,2024-02-27T09:14:05.329Z
,Yes,1,baqia,paper1.txt,2024-02-27T09:14:09.248Z
,Yes,1,baqia,paper2.txt,2024-02-27T09:14:12.953Z
,Yes,1,baqia,paper3.txt,2024-02-27T09:14:16.137Z
,Yes,1,baqia,paper4.txt,2024-02-27T09:14:19.459Z
,Yes,1,baqia,paper5.txt,2024-02-27T09:14:21.930Z
,Yes,1,baqia,paper6.txt,2024-02-27T09:15:02.343Z
,Yes,1,baqia,paper7.txt,2024-02-27T09:15:05.934Z
,Yes,1,baqia,paper8.txt,2024-02-27T09:15:11.950Z
,Yes,1,baqia,paper9.txt,2024-02-27T09:15:17.451Z
,Yes,1,baqia,paper0.txt,2024-02-27T09:18:07.872Z
,Yes,1,baqia,paper1.txt,2024-02-27T09:18:10.766Z
,Yes,1,baqia,paper2.txt,2024-02-27T09:18:12.776Z
,Yes,1,baqia,paper3.txt,2024-02-27T09:18:15.012Z
,Yes,1,baqia,paper4.txt,2024-02-27T09:18:17.403Z
,Yes,1,baqia,paper5.txt,2024-02-27T09:18:19.648Z
,Yes,1,baqia,paper0.txt,2024-02-27T09:28:14.863Z
,Yes,1,baqia,paper1.txt,2024-02-27T09:28:19.413Z
,Yes,1,baqia,paper2.txt,2024-02-27T09:28:22.358Z
,Yes,1,baqia,paper3.txt,2024-02-27T09:28:24.711Z
,Yes,1,baqia,paper4.txt,2024-02-27T09:28:27.081Z
,Yes,1,baqia,paper5.txt,2024-02-27T09:28:29.291Z
,Yes,1,baqia,paper0.txt,2024-02-27T09:30:05.122Z
,Yes,1,baqia,paper1.txt,2024-02-27T09:30:08.557Z
,Yes,1,baqia,paper2.txt,2024-02-27T09:30:11.357Z
,Yes,1,baqia,paper3.txt,2024-02-27T09:30:14.001Z
,Yes,1,baqia,paper4.txt,2024-02-27T09:30:16.693Z
,Yes,1,baqia,paper5.txt,2024-02-27T09:30:19.914Z
,Yes,1,baqia,paper0.txt,2024-02-27T09:35:04.830Z
,Yes,1,baqia,paper1.txt,2024-02-27T09:35:07.401Z
,Yes,1,baqia,paper2.txt,2024-02-27T09:35:10.230Z
,Yes,1,baqia,paper3.txt,2024-02-27T09:35:13.268Z
,Yes,1,baqia,paper4.txt,2024-02-27T09:35:16.475Z
,Yes,1,baqia,paper5.txt,2024-02-27T09:35:19.814Z
,Yes,1,baqia,paper0.txt,2024-02-27T09:39:31.196Z
,Yes,1,baqia,paper1.txt,2024-02-27T09:39:34.486Z
,Yes,1,baqia,paper2.txt,2024-02-27T09:39:37.012Z
,Yes,1,baqia,paper3.txt,2024-02-27T09:39:39.783Z
,Yes,1,baqia,paper4.txt,2024-02-27T09:39:42.925Z
,Yes,1,baqia,paper5.txt,2024-02-27T09:39:46.700Z
,Yes,1,baqia,paper6.txt,2024-02-27T09:39:54.390Z
,Yes,1,baqia,paper7.txt,2024-02-27T09:40:01.636Z
,Yes,1,baqia,paper8.txt,2024-02-27T09:40:04.509Z
,Yes,1,baqia,paper9.txt,2024-02-27T09:40:07.344Z
,Yes,1,baqia,paper10.txt,2024-02-27T09:40:11.863Z
,Yes,1,baqia,paper11.txt,2024-02-27T09:40:15.149Z
,Yes,1,baqia,paper12.txt,2024-02-27T09:40:18.336Z
,Yes,1,baqia,paper13.txt,2024-02-27T09:40:21.427Z
,Yes,1,baqia,paper14.txt,2024-02-27T09:40:24.534Z
,Yes,1,baqia,paper15.txt,2024-02-27T09:40:27.619Z
,Yes,1,baqia,paper16.txt,2024-02-27T09:40:30.778Z
,Yes,1,baqia,paper17.txt,2024-02-27T09:40:34.449Z
,Yes,1,baqia,paper18.txt,2024-02-27T09:40:38.014Z
,Yes,1,baqia,paper19.txt,2024-02-27T09:40:41.930Z
,Yes,3,baqia,paper0.txt,2024-02-27T10:42:08.678Z
,Yes,2,baqia,paper0.txt,2024-02-29T02:07:55.152Z
,Yes,3,baqia,paper1.txt,2024-02-29T02:07:58.152Z
,Yes,2,baqia,paper0.txt,2024-03-01T02:46:22.687Z
,Yes,3,baqia,paper1.txt,2024-03-01T06:49:10.551Z
,Yes,3,baqia,paper0.txt,2024-03-01T06:49:48.363Z
,Yes,3,baqia,paper1.txt,2024-03-01T06:49:52.480Z
,Yes,1,baqia,paper0.txt,2024-03-01T06:51:27.107Z
,Yes,2,baqia,paper1.txt,2024-03-01T06:51:31.347Z
,Yes,1,baqia,paper0.txt,2024-03-01T06:51:57.764Z
,Yes,1,baqia,paper1.txt,2024-03-01T06:52:01.847Z
,Yes,1,baqia,paper0.txt,2024-03-01T07:02:38.974Z
,Yes,1,baqia,paper1.txt,2024-03-01T07:02:40.588Z
,Yes,2,baqia,paper0.txt,2024-03-01T07:09:15.800Z
,Yes,3,baqia,paper0.txt,2024-03-01T07:13:50.485Z
,Yes,3,baqia,paper1.txt,2024-03-01T07:13:56.967Z
,Yes,4,baqia,paper0.txt,2024-03-01T07:29:46.965Z
,Yes,4,baqia,paper1.txt,2024-03-01T09:24:40.942Z
,No,3,baqia,paper0.txt,2024-03-01T14:26:23.116Z
,Yes,1,baqia,paper1.txt,2024-03-01T14:26:27.509Z
,Yes,1,baqia,paper0.txt,2024-03-01T14:31:24.786Z
,Yes,1,baqia,paper1.txt,2024-03-01T14:31:26.309Z
,Yes,1,baqia,paper0.txt,2024-03-01T14:40:51.252Z
,Yes,1,baqia,paper1.txt,2024-03-01T14:40:52.878Z
,Yes,1,baqia,paper0.txt,2024-03-01T14:42:02.729Z
,Yes,1,baqia,paper1.txt,2024-03-01T14:42:04.697Z
,Yes,1,baqia,paper0.txt,2024-03-01T14:43:19.193Z
,Yes,1,baqia,paper1.txt,2024-03-01T14:43:21.094Z
,Yes,1,baqia,paper0.txt,2024-03-01T14:52:50.325Z
,Yes,1,baqia,paper1.txt,2024-03-01T14:52:51.961Z
,Yes,1,baqia,paper0.txt,2024-03-01T14:53:19.218Z
,Yes,1,baqia,paper1.txt,2024-03-01T14:53:20.807Z
,Yes,1,baqia,paper0.txt,2024-03-03T06:16:35.138Z
,Yes,1,baqia,paper0.txt,2024-03-03T06:21:03.982Z
,Yes,1,baqia,paper0.txt,2024-03-03T06:22:46.786Z
,Yes,1,baqia,paper0.txt,2024-03-03T06:23:15.285Z
,Yes,1,baqia,paper0.txt,2024-03-03T06:25:09.507Z
,Yes,1,baqia,paper1.txt,2024-03-03T06:25:13.531Z
