{"TWO Indonesian women taken hostage by an Islamic militant group in Iraq were released unharmed and handed over to the United Arab Emirates ( UAE ) embassy today .": {"Iraq": [0.70365, 0.3556, -0.04321, -0.21204], "United Arab Emirates": [0.60663, 0.39023, 0.09079, 0.16467], "Arab world": [-0.04675, 0.03176, -0.01267, 0.26127]}, "LONDON : Britain wants the UN Security Council to set clear benchmarks for assessing Sudan s efforts to end the humanitarian crisis in its war-torn Darfur region , Foreign Secretary Jack Straw said .": {"United Nations": [0.21485, 0.15718, 0.74496, -0.05502], "United Nations Security Council": [0.116, 0.0866, 0.09711, 0.00282], "Sudan": [-0.11223, -0.1326, 0.25446, 0.22751], "Darfur": [-0.02793, -0.09733, -0.06002, -0.22476], "Foreign Secretary": [0.32087, -0.12554, 0.50582, -0.17027], "Jack Straw": [-0.01077, 0.41288, -0.13304, -0.06105]}, "WASHINGTON ( Reuters ) - The U.S. Navy will soon announce whether Lockheed Martin Corp. LMT.N or Raytheon Co. RTN.N will build a $ 6.4 billion communications system to beef up satellite services for U.S. troops , the White House and State Department , a spokesman said on Tuesday .": {"Reuters": [0.37363, -0.00691, -0.05924, -0.11585], "United States": [0.12375, 0.38064, 0.24826, 0.35008], "United States Navy": [-0.04652, -0.04638, -0.4036, -0.07152], "United States Armed Forces": [-0.07809, -0.16631, -0.01329, -0.23294], "United States dollar": [-0.02185, -0.14854, -0.04195, -0.09987], "Lockheed Martin": [1.2468, 0.31335, 0.16598, 0.60678], "Raytheon Technologies": [-0.51551, -0.07874, 0.17467, -0.07725], "Satellite": [-0.02023, -0.04311, -0.02704, 0.34804], "White House": [-0.11704, 0.13472, 0.56507, -0.08438], "United States Department of State": [0.14601, 0.25689, -0.19015, -0.03456]}, "A UN committee asks the UK to review its policy of detaining terrorism suspects without trial .": {"United Nations": [0.21485, 0.15718, 0.74496, -0.05502], "United Kingdom": [0.02647, 0.29628, 0.00784, 0.23304], "Terrorism": [-0.15925, -0.00135, 0.69317, -0.03395]}, "NEW YORK , Aug. 26 -- Wall Street passed a significant milestone on Thursday , as two investment banks agreed to pay a combined $ 100 million to settle charges that they published overly bullish research reports on questionable companies to win their investment banking business .": {"Wall Street": [-0.31462, -0.14769, -0.02307, -0.0463], "Investment banking": [-0.08237, -0.1419, -0.27581, 0.16854], "Bank": [-0.05267, -0.06138, -0.02062, -0.00075]}, "AFP - British mobile telephone giant Vodafone reported a two percent fall in half-year underlying profits as the group added 7.4 million new customers .": {"Mobile phone": [-0.01046, -0.06611, 0.23425, -0.03675], "Vodafone": [-0.213, 0.25502, -0.25334, -0.09792]}, "Are these guys ever going to have a game that doesn t come down to the last possession ? It seems that , if nothing else , the Celtics give you 48 minutes worth .": {"Game": [-0.0375, -0.04184, -0.22942, 0.06942], "Ownership": [0.10886, -0.12987, -0.40539, -0.28821], "Boston Celtics": [-0.14982, 0.29637, -0.02992, 0.09286]}, "Bernie Ecclestone will return to court on Monday for the start of the High Court case involving Formula One Holdings ( FOH ) and Speed Investments .": {"Bernie Ecclestone": [-0.16157, -0.04944, 0.277, -0.0497], "Formula One Group": [-0.0504, -0.03707, -0.27433, -0.32276]}, "NAJAF , Iraq ( Reuters ) - Heavy fighting broke out between U.S. troops and Shi'ite militiamen in the Iraqi city of Najaf , where Iraq 's interim defense minister said he expected a `` decisive battle '' to take place on Wednesday .": {"Najaf": [0.13881, -0.00529, -0.03574, -0.05214], "Iraq": [0.70365, 0.3556, -0.04321, -0.21204], "Reuters": [0.37363, -0.00691, -0.05924, -0.11585]}, "Reuters - India 's two state-run telephone companies will start high-speed Internet services from Jan. 15 at about a sixth of the prevailing prices , a government statement said on Friday .": {"Reuters": [0.37363, -0.00691, -0.05924, -0.11585], "India": [-0.03707, -0.0012, -0.03946, -0.06458], "Telephone": [-0.14038, -0.11963, -0.55864, -0.0768], "Internet access": [-0.07176, -0.55209, -0.01701, -0.00964], "Internet service provider": [-0.10359, -0.0805, -0.10473, -0.00426]}, "BRUSSELS -- The European Commission has cleared Hewlett-Packard Co. ( HP ) to buy U.K . IT services provider Synstar PLC , the Commission announced on Friday .": {"European Commission": [-0.08587, -0.01781, -0.02474, -0.07571], "European Union": [-0.02287, 0.25751, -0.29421, -0.06806], "United Kingdom": [0.02647, 0.29628, 0.00784, 0.23304], "Information technology": [-0.13256, -0.01581, -0.0674, -0.08316]}, "Pedro Martinez pulls Boston within 2 1/2 games of the New York Yankees in the AL East after shutting out Texas 2-0 Friday night .": {"Pedro Mart\u00ednez": [-0.22923, -0.16245, -0.18535, -0.04551], "Boston": [-0.04159, 0.54104, -0.0867, -0.048], "New York Yankees": [-0.00026, 0.31437, -0.01138, 0.27684], "American League East": [-0.16204, -0.02641, -0.05919, -0.07508], "Texas": [-0.15813, -0.41736, 0.13003, 0.2336]}, "A German man , whose jaw was removed because of cancer , has been able to eat his first solid meal in nine years thanks to a replacement jawbone which was incubated in a muscle on his back .": {"German language": [-0.01779, -0.00478, -0.00478, 0.09919], "Human": [-0.03403, 0.18794, -0.13027, -0.12822], "Mandible": [0.37363, -0.18535, 0.30698, -0.11078], "Cancer": [0.23027, 0.26141, -0.60156, -0.06771], "Egg incubation": [-0.02786, -0.01207, 0.30335, -0.16969], "Muscle": [-0.06792, -0.00591, 0.78177, 0.05783]}, "From the beginning , Eagle County , Colo. , district attorney Mark Hurlbert insisted that the sexual-assault charge he filed against Kobe Bryant had nothing to do with the celebrity of the Los Angeles Lakers star .": {"District attorney": [-0.12822, -0.03613, -0.20662, -0.01733], "Kobe Bryant": [-0.04089, -0.2542, 0.07006, -0.08735], "Los Angeles Lakers": [-0.14374, -0.10724, -0.04991, -0.06507]}, "The King of Sweden was not there and the circumstances were a bit short of pompous , but 15 intrepid scientists attained a modicum of fame last week as this year s winners of coveted Ig Nobel Prizes .": {"Carl XVI Gustaf": [-0.10736, -0.09112, 0.23853, 0.23853], "Sweden": [-0.00567, 0.1175, 0.0052, 1.00827], "Ig Nobel Prize": [0.32217, 0.19181, -0.07305, -0.06029], "Nobel Prize": [-0.07371, -0.01145, 0.28921, -0.13307]}, "The Welsh FA are expected to name John Toshack as the new manager of their national team today , after holding interviews with all the main candidates yesterday .": {"Welsh people": [-0.17038, -0.08756, -0.20597, -0.13988], "Football Association of Wales": [0.71595, -0.06435, -0.04535, 0.20242], "The Football Association": [-0.04218, -0.21663, -0.26999, -0.81847], "John Toshack": [0.14872, -0.04255, -0.08649, -0.03088]}, "Consumers are much more interested in what their phone does for them than bits and bytes , research suggests .": {"Telephone": [-0.14038, -0.11963, -0.55864, -0.0768], "Bit": [0.15864, -0.03246, -0.20443, -0.04297], "Byte": [-0.02163, -0.0535, -0.02728, -0.03243]}, "D.C. United inks defender Bryan Namoff to a multiyear contract extension on Monday afternoon .": {"Bryan Namoff": [0.04053, 0.13571, -0.00025, -0.10559]}, "December 15 , 2004 -- Pedro Martinez confirmed Tuesday during an interview in his home in the Dominican Republic that he has agreed to join the New York Mets .": {"Dominican Republic": [-7e-05, -0.02673, -0.03585, -0.0585], "New York Mets": [0.01246, -0.12162, 0.19356, 0.17301]}, "A suspected leader of a cell accused in deadly suicide attacks in Turkey boasted Monday that he was an quot ; al-Qaida warrior quot ; and warned in court of future attacks if Turkey continued to support the United States .": {"Suicide": [0.622, 0.22787, 0.27143, 0.31691], "Turkey": [-0.00944, -0.33616, -0.17613, -0.07585], "United States": [0.12375, 0.38064, 0.24826, 0.35008]}}