{
    "TWO Indonesian women taken hostage by an Islamic militant group in Iraq were released unharmed and handed over to the United Arab Emirates ( UAE ) embassy today .": {
        "Iraq": [
            0.3206818401461613,
            0.258772460843788,
            0.32261881089756916,
            0.45045295506520966
        ],
        "United Arab Emirates": [
            0.33860308952012896,
            0.2673939632880671,
            0.3114779351405421,
            0.4503448847256447
        ],
        "Arab world": [
            0.17959040540630156,
            0.12262672255086615,
            0.15837749822398695,
            0.2317465607562198
        ]
    },
    "LONDON : Britain wants the UN Security Council to set clear benchmarks for assessing Sudan s efforts to end the humanitarian crisis in its war-torn Darfur region , Foreign Secretary Jack Straw said .": {
        "United Nations": [
            0.31628951127667926,
            0.2939846525556533,
            0.28134892855835925,
            0.4284580158304587
        ],
        "United Nations Security Council": [
            0.2905158309720792,
            0.26424182263689433,
            0.2607825322574643,
            0.3865075274252412
        ],
        "Sudan": [
            0.27943370922203226,
            0.2539290594765604,
            0.25750430853480677,
            0.40696225399171426
        ],
        "Darfur": [
            0.3045052592273223,
            0.26003666715112983,
            0.292921229159427,
            0.43043440815069767
        ],
        "Foreign Secretary": [
            0.23347326933085188,
            0.19497000863862457,
            0.21579353538342794,
            0.30488837871598196
        ],
        "Jack Straw": [
            0.2304381914115745,
            0.19141545242026248,
            0.23628027746589964,
            0.30241820723831614
        ]
    },
    "WASHINGTON ( Reuters ) - The U.S. Navy will soon announce whether Lockheed Martin Corp. LMT.N or Raytheon Co. RTN.N will build a $ 6.4 billion communications system to beef up satellite services for U.S. troops , the White House and State Department , a spokesman said on Tuesday .": {
        "Reuters": [
            0.28073693483029316,
            0.25262268670560784,
            0.22333018970331509,
            0.27159269856966084
        ],
        "United States": [
            0.4316787909504394,
            0.3541803468635957,
            0.3434650878581951,
            0.41623632386668863
        ],
        "United States Navy": [
            0.37495467984788955,
            0.3037967848842754,
            0.31850550626691976,
            0.37894116543834355
        ],
        "United States Armed Forces": [
            0.5834411096625612,
            0.5694835033049219,
            0.41195037877234075,
            0.5360691986057321
        ],
        "United States dollar": [
            0.2729779446289653,
            0.24581284651995228,
            0.16863698152370055,
            0.2187324189996558
        ],
        "Lockheed Martin": [
            0.38659122563250903,
            0.34517449524303634,
            0.25649025605543185,
            0.2911775964301626
        ],
        "Raytheon Technologies": [
            0.4296521343402244,
            0.3653140888559552,
            0.2745344607465636,
            0.32047092397904575
        ],
        "Satellite": [
            0.3451980490624341,
            0.41320833330111006,
            0.24614664572187128,
            0.36558691538187427
        ],
        "White House": [
            0.589450185900183,
            0.5743782310568235,
            0.4144899669776758,
            0.5439351504479452
        ],
        "United States Department of State": [
            0.3250848811209417,
            0.2762269486002912,
            0.2811553468018224,
            0.35074623613268696
        ]
    },
    "A UN committee asks the UK to review its policy of detaining terrorism suspects without trial .": {
        "United Nations": [
            0.1939223805402882,
            0.19429697794437362,
            0.17417790488595875,
            0.3232579016313992
        ],
        "United Kingdom": [
            0.32488019601437035,
            0.3024986295818981,
            0.27634235121782,
            0.425200442610135
        ],
        "Terrorism": [
            0.2338770412167388,
            0.2523557418965767,
            0.2143676017787377,
            0.35047315521355205
        ]
    },
    "NEW YORK , Aug. 26 -- Wall Street passed a significant milestone on Thursday , as two investment banks agreed to pay a combined $ 100 million to settle charges that they published overly bullish research reports on questionable companies to win their investment banking business .": {
        "Wall Street": [
            0.3767916177184929,
            0.26207503886173367,
            0.31329800126202745,
            0.2771898449825152
        ],
        "Investment banking": [
            0.6769119070654457,
            0.5482325806946703,
            0.4459623561137358,
            0.5220740446467592
        ],
        "Bank": [
            0.5006702585617454,
            0.39939579463277164,
            0.34773546206870276,
            0.3881793940074698
        ]
    },
    "AFP - British mobile telephone giant Vodafone reported a two percent fall in half-year underlying profits as the group added 7.4 million new customers .": {
        "Agence France-Presse": [
            0.3050160105508981,
            0.2769246044680156,
            0.2547393292731084,
            0.3144691809781086
        ],
        "Mobile phone": [
            0.3642730943296346,
            0.3475247008664506,
            0.247311657724262,
            0.3021375875548502
        ],
        "Vodafone": [
            0.438844506053117,
            0.39028286907609433,
            0.32210421027787994,
            0.3619736102105826
        ]
    },
    "Are these guys ever going to have a game that doesn t come down to the last possession ? It seems that , if nothing else , the Celtics give you 48 minutes worth .": {
        "Game": [
            0.23271658909867865,
            0.30015740751341413,
            0.3978098500914401,
            0.24921157581600117
        ],
        "Ownership": [
            0.239417167965998,
            0.27047252622088525,
            0.40230664039017605,
            0.2561184297878114
        ],
        "Boston Celtics": [
            0.2537948727144088,
            0.3084887142287147,
            0.43872977372188315,
            0.2718501984440411
        ]
    },
    "Bernie Ecclestone will return to court on Monday for the start of the High Court case involving Formula One Holdings ( FOH ) and Speed Investments .": {
        "Bernie Ecclestone": [
            0.26765157557203567,
            0.24950252724165078,
            0.3204237553843773,
            0.26706464838169386
        ],
        "Formula One Group": [
            0.39356617113342884,
            0.3426698727714059,
            0.36747286241806687,
            0.3301311034508939
        ]
    },
    "NAJAF , Iraq ( Reuters ) - Heavy fighting broke out between U.S. troops and Shi'ite militiamen in the Iraqi city of Najaf , where Iraq 's interim defense minister said he expected a `` decisive battle '' to take place on Wednesday .": {
        "Najaf": [
            0.25423908482306756,
            0.19283410114890642,
            0.2793783297673773,
            0.3844009215267836
        ],
        "Iraq": [
            0.27302252023165985,
            0.2018603854198231,
            0.26416180199255457,
            0.3885562557017699
        ],
        "Reuters": [
            0.24309912454186156,
            0.2110778313122681,
            0.22232368689164717,
            0.3072314209435908
        ]
    },
    "Reuters - India 's two state-run telephone companies will start high-speed Internet services from Jan. 15 at about a sixth of the prevailing prices , a government statement said on Friday .": {
        "Reuters": [
            0.3237626802407856,
            0.28087305621812875,
            0.24390170684457668,
            0.31229115858180323
        ],
        "India": [
            0.36802768664663976,
            0.3270556264989575,
            0.31620991622843553,
            0.39924513389218963
        ],
        "Telephone": [
            0.2416497125780115,
            0.25224998552727507,
            0.14013955014629054,
            0.2233894743053757
        ],
        "Internet access": [
            0.29958448285190353,
            0.3713718310539561,
            0.18645016392628688,
            0.2595743397202015
        ],
        "Internet service provider": [
            0.3552364867295006,
            0.39736428037243243,
            0.21992568872646356,
            0.30501454803304784
        ]
    },
    "BRUSSELS -- The European Commission has cleared Hewlett-Packard Co. ( HP ) to buy U.K . IT services provider Synstar PLC , the Commission announced on Friday .": {
        "European Commission": [
            0.46500508733659496,
            0.4002300059327746,
            0.32428930548459034,
            0.4317974340641515
        ],
        "European Union": [
            0.3011800380623899,
            0.2351605738885093,
            0.20932463841272575,
            0.2963408559987313
        ],
        "Hewlett-Packard": [
            0.46475622240231484,
            0.40805323641999935,
            0.2721847722071721,
            0.30422145894334895
        ],
        "United Kingdom": [
            0.3519607556778621,
            0.2903091246087719,
            0.193753817471499,
            0.24401802572399123
        ],
        "Information technology": [
            0.39671395035901347,
            0.40153422981330134,
            0.20361019216478227,
            0.30198047606922795
        ]
    },
    "Pedro Martinez pulls Boston within 2 1/2 games of the New York Yankees in the AL East after shutting out Texas 2-0 Friday night .": {
        "Pedro Mart\u00ednez": [
            0.24349820848755965,
            0.2354472707683024,
            0.38214026990153604,
            0.26688277740789323
        ],
        "Boston": [
            0.2583125090213535,
            0.2270651161107079,
            0.3777467165200582,
            0.2507273959741274
        ],
        "New York Yankees": [
            0.25690287455125704,
            0.2194221975541215,
            0.40929759626372375,
            0.25613932394542593
        ],
        "American League East": [
            0.28563751288004946,
            0.24145965390567303,
            0.40680506227854085,
            0.2630278010326106
        ],
        "Texas": [
            0.24955654906484526,
            0.16701810562084407,
            0.3779697248213203,
            0.2588276856117451
        ]
    },
    "A German man , whose jaw was removed because of cancer , has been able to eat his first solid meal in nine years thanks to a replacement jawbone which was incubated in a muscle on his back .": {
        "German language": [
            0.2248006336467936,
            0.20087391032070723,
            0.2056742754525529,
            0.28948407283856437
        ],
        "Human": [
            0.2248006336467936,
            0.20087391032070723,
            0.2056742754525529,
            0.28948407283856437
        ],
        "Mandible": [
            0.23734392028499374,
            0.24119923360668127,
            0.24281689865786638,
            0.28144173252108096
        ],
        "Cancer": [
            0.2600209904255748,
            0.2370565278699357,
            0.26591817078387026,
            0.2979091562798677
        ],
        "Egg incubation": [
            0.2820855642420974,
            0.30743656364933614,
            0.29558029633492855,
            0.3108533686902285
        ],
        "Muscle": [
            0.20366320603173382,
            0.21678075863987745,
            0.23871786023734387,
            0.24728406277560766
        ]
    },
    "From the beginning , Eagle County , Colo. , district attorney Mark Hurlbert insisted that the sexual-assault charge he filed against Kobe Bryant had nothing to do with the celebrity of the Los Angeles Lakers star .": {
        "District attorney": [
            0.29711432271300975,
            0.2665593558641106,
            0.2988116824646656,
            0.30220011177982853
        ],
        "Kobe Bryant": [
            0.2588436393286637,
            0.2449717433983155,
            0.37175083014445276,
            0.28135589013191264
        ],
        "Los Angeles Lakers": [
            0.207656350670833,
            0.2134318837150161,
            0.3455232280249252,
            0.2189456278317149
        ]
    },
    "The King of Sweden was not there and the circumstances were a bit short of pompous , but 15 intrepid scientists attained a modicum of fame last week as this year s winners of coveted Ig Nobel Prizes .": {
        "Carl XVI Gustaf": [
            0.3185133166840348,
            0.32410300817551474,
            0.38895610639797895,
            0.3952334875153576
        ],
        "Sweden": [
            0.26833997641872454,
            0.26776491085743737,
            0.3324018498520558,
            0.33634515335384974
        ],
        "Ig Nobel Prize": [
            0.2564719252031975,
            0.3101337185877886,
            0.2935944260858149,
            0.2920695812908727
        ],
        "Nobel Prize": [
            0.2356963078266352,
            0.27702322326481577,
            0.2730283389305169,
            0.26965244419898715
        ]
    },
    "The Welsh FA are expected to name John Toshack as the new manager of their national team today , after holding interviews with all the main candidates yesterday .": {
        "Welsh people": [
            0.2927810970156559,
            0.27276798665808966,
            0.3710277784972401,
            0.3503109151594963
        ],
        "Football Association of Wales": [
            0.26886010262358906,
            0.25442319477518316,
            0.3793714997628437,
            0.3387636276135704
        ],
        "The Football Association": [
            0.2723988523166594,
            0.2654931698944909,
            0.38926616758301114,
            0.3382350773833156
        ],
        "John Toshack": [
            0.2358951888009344,
            0.21432810137129765,
            0.356216032626961,
            0.28737169541325525
        ]
    },
    "Consumers are much more interested in what their phone does for them than bits and bytes , research suggests .": {
        "Telephone": [
            0.23157064526366633,
            0.35146721277195647,
            0.18243621522226627,
            0.1813960787301876
        ],
        "Bit": [
            0.2573288385839809,
            0.3621410818187327,
            0.22580164161390304,
            0.2482768419951098
        ],
        "Byte": [
            0.27886060288006,
            0.3947527282652883,
            0.22666084917828222,
            0.2598903999056603
        ]
    },
    "D.C. United inks defender Bryan Namoff to a multiyear contract extension on Monday afternoon .": {
        "D.C. United": [
            0.32791898856144686,
            0.2864619993655304,
            0.4024802543689565,
            0.3223663305768989
        ],
        "Bryan Namoff": [
            0.20656716331923886,
            0.18686325310540153,
            0.29596520301276075,
            0.20484994879224627
        ]
    },
    "December 15 , 2004 -- Pedro Martinez confirmed Tuesday during an interview in his home in the Dominican Republic that he has agreed to join the New York Mets .": {
        "Dominican Republic": [
            0.2817558314825783,
            0.24186472205446108,
            0.3695540259180079,
            0.34564996972512607
        ],
        "New York Mets": [
            0.2736660182804951,
            0.22577365307342645,
            0.39956622127766095,
            0.27228517322255263
        ]
    },
    "A suspected leader of a cell accused in deadly suicide attacks in Turkey boasted Monday that he was an quot ; al-Qaida warrior quot ; and warned in court of future attacks if Turkey continued to support the United States .": {
        "Suicide": [
            0.24387038611696754,
            0.2275172789266967,
            0.2461771943645733,
            0.3399915919001275
        ],
        "Turkey": [
            0.33296864935751835,
            0.2969073012066774,
            0.3247106449456557,
            0.46347653433571057
        ],
        "Al-Qaeda": [
            0.24235780019288933,
            0.24972210471341472,
            0.25601920460332317,
            0.36830898726321815
        ],
        "United States": [
            0.405779051631704,
            0.38813118292010085,
            0.40331518148670054,
            0.4983377778089655
        ]
    }
}